Uniform,Normal,Exponential,Cauchy,Uniform,Normal,Exponential,Cauchy
32,28,24,35,"4,89851522883852","2,76045703761245","1,01014371375864","6,59166749558755"
29,36,25,42,"3,38770004302279","7,203836828924","1,28770511228241",10
32,30,29,33,"5,21498053133393","4,10058340222793","3,273874901556","5,25497817623842"
38,31,24,36,"8,15920445476044","4,69758954838018","1,19973344598959","7,04561497041803"
26,26,26,34,"1,78286232179653","2,141154760788","2,19002563857129","6,11250359698333"
32,35,25,30,"4,80135765302967","6,27738517476366","1,33463191379446","3,79576075408014"
33,37,30,31,"5,32279224349598","7,41967802230682","4,24185507714771","4,73752659922466"
34,30,27,30,"5,78427731774359","3,86179258393295","2,33220672277156","4,19998328480461"
40,38,31,34,"8,93901081237076","7,97029240832073","4,72835763150364","6,11321808172584"
30,42,25,34,"3,90903307893776",10,"1,43632955382351","5,81230345078665"
35,24,27,33,"6,37358799493063",1,"2,73376959851375","5,25179298684551"
35,29,25,38,"6,39634928795732","3,47300997481733","1,65249381693233","8,09641748969184"
41,37,25,32,"9,46738425210931","7,68645552539576","1,63175299830469","5,18664194144097"
27,42,28,36,"2,71006938817517",10,"2,7844165852239","6,90122208483578"
35,24,28,33,"6,49907384212406",1,"3,02749757889236","5,32432904924286"
27,34,30,41,"2,74213922987719","5,7704192882683","4,11306999827331","9,70959239182768"
32,32,24,24,"5,12462245094481","5,22637876870586","1,202783179098",1
39,31,30,31,"8,57792057102361","4,25159804899879","4,18388096384835","4,31567142287206"
35,35,26,32,"6,27321762969977","6,28211084416308","2,0975129628965","4,88149279868115"
27,30,27,34,"2,28780169691295","4,22288679741017","2,66489368954222","5,82855848638625"
26,28,24,34,"2,06621374429054","3,15293692658941","1,02858389159608","5,84219727182188"
42,24,24,42,"9,75731314045526",1,"1,13104805621151",10
35,41,27,32,"6,57708497459323","9,62001006224551","2,60964072607948","5,1387266975763"
31,40,29,34,"4,35273633847256","9,02789500973238","3,69741487422935","6,22622913968067"
32,28,28,30,"5,2413293915935","3,04355241456127","2,87118617281086","4,02365035073561"
37,33,27,34,"7,30714994451879","5,37334090274661","2,60532687587652","5,83237525043472"
33,33,24,34,"5,29682192765681","5,62567275999436","1,20067464615938","5,7838280165106"
32,38,25,33,"5,23409993455899","7,7583753078433","1,29605869773217","5,62461036231653"
28,32,27,34,"3,09686471195736","4,96697049844616","2,65094949793532","6,07148228011523"
38,35,26,29,"7,84325208657819","6,60772952062579","2,12709049281241","3,61954480966525"
36,40,25,31,"6,82820815747404","9,11457291963497","1,26117626006603","4,55482517757796"
27,37,25,33,"2,44404577451074","7,3397949760621","1,2602404185949","5,69054837836993"
27,39,29,33,"2,684002601651","8,53612743269189","3,25138166498958","5,38233363693337"
32,28,26,36,"5,18650758092164","3,19621211549213","2,03667323462389","7,17725183548319"
32,32,24,42,"5,05935624317437","4,95907393475062","1,11553843256434","9,80489247262034"
33,28,26,33,"5,62795978119391","3,0772624189525","1,79346418921194","5,68859482698406"
25,32,24,32,"1,35547990070745","4,99290367940377","1,01625154902184","4,96978118756166"
32,34,34,37,"5,09865112455214","6,20856174090561","5,78060859351077","7,60047590645493"
31,32,25,33,"4,58633406942106","4,80372672268935","1,34980262604654","5,59076633101957"
39,37,27,35,"8,73544257181273","7,64579547666792","2,40139678185109","6,54513113143543"
32,29,24,24,"5,00713841178062","3,61587880801544","1,03292729844001",1
37,34,24,32,"7,4328041247841","5,88878364299412","1,13108001326806","5,02548265819075"
29,41,25,34,"3,4045923685037","9,71621505558509","1,40066298812004","6,09247229630558"
34,36,28,33,"5,77602418327956","7,18515851531325","2,77667419757041","5,58558143237034"
28,28,28,25,"3,18033717933711","3,06994870705152","3,0507292321962","1,74257329526603"
32,29,25,35,"5,10122215135942","3,30971091458956","1,29327424495007","6,4779217000646"
41,34,25,29,"9,46105864482505","6,06669677728435","1,54973330151751","3,4835539939185"
26,36,24,28,"1,77624004718162","7,0645607050017","1,04684496305003","2,88713870314402"
37,39,26,38,"7,57782566778884","8,26723970830482","1,80005441307042","8,07980608825955"
32,33,25,33,"5,18260038038127","5,34688204796147","1,42731102819842","5,4283484682878"
39,30,26,38,"8,62436532158766","3,81071563320434","2,20514185358807","8,1752087429528"
28,36,27,33,"2,81435236469121","6,9380113188982","2,58187381638163","5,31101905333188"
30,37,25,33,"4,13386097592423","7,28505610323562","1,7481446666645","5,35433867818277"
29,36,25,31,"3,26563465485233","6,83053463288806","1,38782760205832","4,50996458813908"
41,35,24,30,"9,28118454580279","6,59670825141439","1,13438736140989","3,8263894588519"
27,36,27,33,"2,42167187619404","6,8252762266686","2,64138936930267","5,73912739864627"
33,29,26,35,"5,33497818737407","3,43141404842945","1,75910060908438","6,42710916215091"
31,35,24,33,"4,71067978225175","6,49510028200844","1,16322765972654","5,55495584720599"
26,30,26,33,"2,17133930604335","3,92370670933368","2,12121600249444","5,36939010325834"
42,38,29,30,"9,92560322402083","7,81239779208558","3,45353866790893","4,04692405063468"
40,33,25,33,"8,8291711428114","5,50885038841845","1,52383020337237","5,29856928840311"
25,38,29,34,"1,57906751768156","7,91756196589546","3,65522730577947","6,09351077692433"
32,39,29,24,"4,89502425089442","8,3176243024797","3,64340473954373",1
34,35,26,39,"6,14166859783287","6,58999416308953","1,75969835537888","8,40162480034769"
35,32,27,33,"6,61114543707612","5,23940550485226","2,37863437618654","5,34523390436448"
38,39,25,24,"7,98255995857918","8,53531233099617","1,68099434528672",1
24,28,35,42,"1,22110951578967","2,83754503030863","6,48726311306368",10
28,35,26,32,"3,1201066319126","6,31205425674713","2,0054663125802","5,06433586247338"
33,33,25,26,"5,69981287122375","5,37285972079555","1,56880724875546","2,04421876801744"
32,28,24,34,"4,76231530568689","2,97968562508801","1,16899286543713","6,13073894314646"
38,36,26,34,"8,028712376963","7,21270220700606","2,0034875389525","5,75876562996183"
30,32,25,33,"4,22157848688477","4,95674025691418","1,48764485640198","5,26663484210603"
25,29,28,34,"1,47532541871878","3,48595418230238","2,82827825154462","5,98663165842076"
35,32,32,33,"6,50622551737719","5,15829810062499","5,22885582959096","5,39406429276689"
33,29,27,34,"5,25678293169758","3,50856936834703","2,38295828715082","5,98539560881527"
38,30,32,40,"7,98135577370521","4,12270398453036","5,02215944237451","9,05606565648168"
41,31,24,38,"9,69617847846687","4,55673905158974","1,07322437427891","7,85529788056425"
29,32,26,24,"3,60334267677869","5,12504256637635","1,99231527669055",1
38,40,25,24,"8,04860290851295","8,85814999081717","1,69646680276087",1
38,32,28,33,"8,00105193311599","5,07081814516726","3,12708072725009","5,56541715455683"
29,33,24,33,"3,74713581726189","5,64913430175283","1,06585664380055","5,25340834103071"
24,32,26,33,"1,08511161217774","5,10961081726626","1,94986646080732","5,30343291542563"
26,32,27,34,"2,15002937235187","5,02498564980515","2,47617756450687","6,19240587255789"
26,33,28,33,"2,14741029273758","5,29909381506303","2,98629524033361","5,60058417113465"
35,32,26,30,"6,38025143095443","4,89378565374074","2,09510519528595","3,86687209326546"
38,30,24,34,"8,06009321306285","4,20955487284975","1,13233005678779","5,87275199373375"
30,26,24,32,"3,78382934287469","2,18240373090387","1,23827440263368","4,94563105373128"
40,34,25,34,"8,87133324095241","5,75572399878281","1,60762637977996","6,20061267663594"
30,31,25,31,"3,83711534269672","4,48751531928127","1,57857178536155","4,51163338924903"
33,29,25,39,"5,53104281428169","3,46639086548247","1,36039411062482","8,52817817231808"
32,33,26,24,"5,04836043664388","5,36032827675943","1,89279209093902",1
27,41,24,32,"2,33488175446247","9,58230488310961","1,18277704697712","5,1051395699449"
37,34,26,37,"7,48111122362916","6,20629214195636","1,85718998636768","7,2904261079685"
41,32,27,27,"9,35104051486097","4,81849739266172","2,32106751759901","2,51251493882676"
35,37,25,32,"6,35664016022833","7,56140514768465","1,41484519451043","5,15076892722202"
35,35,32,39,"6,36039523673194","6,29713993528515","4,99864838908122","8,54397305773876"
31,37,26,32,"4,59813236861556","7,33537234236343","1,90241293445839","5,04269419979528"
32,29,24,32,"5,22613300273643","3,70060087875005","1,01774291200986","5,15112867413726"
29,34,25,41,"3,70540157410489","5,85350786849135","1,72639844134743","9,39307443490775"
40,39,25,35,"8,76241157439258","8,70960203053848","1,73640452790438","6,61828087863709"
30,29,26,31,"3,85123040721296","3,35341368676505","1,85897928643428","4,28301067905599"
35,26,25,30,"6,36170786981865","1,86804680822442","1,42650508598309","4,07382227191057"
36,26,26,35,"7,00447931375376","2,12305499625204","2,06788614671601","6,40291285680796"
25,29,25,33,"1,4220199961227","3,59823753020331","1,40152852938561","5,73435476409752"
39,32,24,35,"8,56655909158249","5,05970640585318","1,20739261577386","6,69555301680668"
25,30,29,34,"1,57766654807197","4,02302032980485","3,55329523328036","5,76976063798676"
38,33,24,36,"7,75719433432271","5,45144715241002","1,12070372267539","6,91675086316488"
40,38,24,41,"8,9910336914431","7,81962657001443","1,08552140693883","9,73226874465734"
36,31,26,33,"6,81906147911038","4,6329073670524","2,12573685013955","5,71794632009229"
40,33,25,34,"9,11029355718892","5,42508066304097","1,25486805289769","6,08374822978146"
37,34,29,33,"7,33909635188706","5,80011314524082","3,35813815229184","5,70141777561665"
32,34,27,38,"5,19200445774619","6,18105914749943","2,29114908590652","7,95346613250471"
34,36,26,35,"6,12990721225719","6,7999139376363","1,811719717623","6,32648231844531"
32,34,25,33,"5,14437052619025","5,83955944958657","1,2867466266859","5,71832962280072"
41,25,26,42,"9,69132226133539","1,72820826384656","1,82666202718284",10
42,32,25,31,"9,89885202689349","5,1663627119008","1,69617959575663","4,49758677120497"
35,39,26,26,"6,59289380485863","8,62539909047225","2,09634747953121","2,12553534348683"
40,27,25,34,"8,96774377231165","2,29172142294672","1,40098002800843","5,8006368544827"
31,35,24,33,"4,74714180119389","6,69220894242229","1,17327581990056","5,35041105076882"
36,31,24,27,"7,11693662519736","4,74545709403287","1,01617024463014","2,66874198403654"
25,38,26,35,"1,4621765578518","8,22316158444409","2,22614198338745","6,31567570782574"
35,27,25,30,"6,42115384351582","2,57359092300416","1,358490294242","4,23975573108626"
29,34,25,38,"3,4575240110482","5,99078779731398","1,37310001397405","8,08291463764508"
33,26,28,33,"5,29816589495466","2,04354694994211","2,7816129755579","5,44489726580989"
25,35,25,36,"1,5896197840396","6,50436333824591","1,53461153800485","6,80439819076627"
36,35,26,32,"7,19305833484482","6,64364643728074","1,89367185866948","5,19798324002823"
30,35,26,33,"4,2478614064098","6,4212665117291","2,07404512916402","5,37539303879377"
38,37,25,38,"8,20033813124034","7,68941329139614","1,69151096637791","7,85038054202614"
39,30,24,27,"8,62069166827474","3,83451359162227","1,17384555896669","2,53140992577315"
26,29,27,28,"1,85883655834017","3,66518966129848","2,27483570112374","2,95838868242877"
32,39,24,33,"5,05065896290347","8,61358917204112","1,24421130871761","5,33783442550942"
25,27,28,37,"1,39765610650402","2,4266392279221","2,98191266720085","7,261825039386"
25,30,32,33,"1,687305429217","3,88549940113446","5,01499726306214","5,319244634217"
37,34,24,38,"7,5128451686046","6,12444455932173","1,12813048723371","8,10966557494742"
28,34,26,40,"2,90343070755436","6,00974510286779","1,77849666511869","8,76783615178008"
29,32,25,34,"3,72216749676446","4,91928425438681","1,34209687305031","5,93023999972524"
25,38,24,33,"1,70275812381053","7,89656069560257","1,10392837143975","5,35182119744393"
33,37,34,37,"5,27535479991619","7,62064106132238","5,81154875691432","7,7018401295064"
34,33,28,35,"5,99648572975998","5,55953452420872","3,14371374339261","6,45741326084139"
28,33,28,36,"2,82567115243053","5,73367678455694","2,98574754739932","6,9795147364965"
33,36,25,33,"5,56236771707293","6,8811194137957","1,5214854832867","5,25983481019559"
32,34,26,29,"5,15915010962522","6,10602093223849","1,7713379451398","3,51379475197655"
37,31,25,33,"7,33842997730905","4,66536227697114","1,67941532817501","5,43974205470653"
30,30,26,26,"3,99101792846424","3,9769441903426","2,18029569446646","1,97027528126611"
34,31,25,40,"6,04580067824569","4,71381223584201","1,57331397328275","8,91386165785215"
31,31,26,24,"4,59797735824542","4,52831094522566","2,04807594239327",1
27,35,26,34,"2,30465763113416","6,73952383079407","1,83411069185793","6,03229860243346"
35,33,38,31,"6,66783906154048","5,70512888692497","8,20214577261486","4,42125881833092"
29,42,26,32,"3,42488898617703",10,"1,82849251957434","5,21987653152431"
35,28,24,30,"6,64658186830517","3,17519827561958","1,0071311267623","4,24077790849767"
24,40,25,30,"1,20541844371115","8,87460593222004","1,35683625612593","3,85761506519636"
33,40,24,32,"5,50332422376455","8,81189168763874","1,10595597000196","5,18558224089987"
24,32,27,33,"1,03025968809745","4,96769627495204","2,27840766291997","5,43809056353619"
42,37,24,31,"9,81987655861231","7,57546842587615","1,17904539581565","4,60728923433825"
30,25,26,28,"3,99019566726372","1,72555858550274","1,86038488414213","3,18214134853817"
33,34,28,34,"5,55480384642099","6,0684398520044","2,82432019634672","6,17486442932067"
33,39,25,34,"5,73048434953163","8,48215689550663","1,31966984076509","5,81293119226142"
28,31,28,29,"3,05805204908566","4,58792477603573","2,91208170293111","3,5020604858379"
30,33,26,33,"4,11733305010175","5,27864807365351","1,90572944690384","5,38756352117791"
41,33,30,38,"9,49556345335594","5,27609430384982","4,06520001763842","7,98060512922148"
25,33,25,34,"1,31973918602216","5,53904442198662","1,4600830496172","6,01304223826871"
39,34,26,32,"8,33944413759647","5,75990458499946","1,99594509688698","5,15444618067753"
24,35,28,25,"1,16778236796544","6,63098242594367","3,23476032039662","1,61932421193979"
24,39,25,24,"1,24174962732","8,70102001503374","1,53674964538006",1
30,35,24,31,"3,83966661993806","6,2506280045791","1,18443995843868","4,35230581471139"
25,36,25,32,"1,451995124324","7,07409584071791","1,33351881306329","4,86373094108276"
30,36,25,27,"4,05766947583903","6,82430020454338","1,27748692554006","2,49746172293754"
28,34,27,35,"3,07233164682965","5,87669773834886","2,680876274275","6,59401485886321"
37,37,25,35,"7,5679367957459","7,57043973204761","1,57027392901533","6,25044182207288"
36,32,24,35,"6,91501739906053","4,95950045111289","1,18848880011661","6,51640249741846"
26,29,26,33,"2,12245737509809","3,52298781707083","2,07043610769174","5,6548419443751"
32,33,27,25,"4,93505891370614","5,55280731032072","2,27316515886614","1,68180398872689"
33,33,25,36,"5,37899260423907","5,49059054330725","1,55373585387661","6,92302759846631"
33,38,31,33,"5,54249715614406","7,89281105515211","4,74408608141584","5,43707350741067"
33,37,25,35,"5,74138134371871","7,49691419051127","1,62401360876783","6,51348633923065"
35,29,24,30,"6,33381125333751","3,5927304401121","1,0022287992471","3,97884983976239"
27,40,26,31,"2,38115056276465","8,92241899682437","1,97572230923738","4,52599264464745"
35,33,27,33,"6,40220695831179","5,64633881618101","2,44097953510686","5,4432216405923"
37,36,24,33,"7,65145016393579","6,77951510090156","1,00947483987594","5,55018745318827"
37,35,24,41,"7,60777180949262","6,63869241012721","1,09957305221863","9,57326266862552"
29,29,25,34,"3,44026686289007","3,50926009567256","1,59554654742726","6,03273423237848"
29,30,25,24,"3,53700027989078","3,80408702744379","1,35227566434622","1,09270530475348"
42,37,27,34,"9,7626239183687","7,67473486902574","2,40282216336386","6,12319936541939"
34,36,27,24,"6,1010307427106","7,02978830424902","2,33939523459144",1
29,31,30,41,"3,71918334940177","4,28531949959036","3,82355827302053","9,74777861680922"
36,35,25,31,"6,99592739143264","6,46138584959985","1,50072305384886","4,42050587303693"
25,32,24,42,"1,2842883278751","4,97558133538127","1,02758649462674",10
27,31,34,40,"2,28357432199042","4,66947343857469","5,95943677543989","8,95385961701579"
34,30,27,42,"6,20280690902869","3,94130524963935","2,3625552816333",10
32,33,26,28,"4,79208795723888","5,59069274867565","1,82695507270583","3,03555072307613"
25,32,26,34,"1,4739714634359","4,77463204480392","1,92802832591293","5,76347018114799"
38,32,26,35,"8,0361840904653","4,82444501627747","2,06102680874357","6,28403474734009"
31,37,28,30,"4,70403948783877","7,29831031362097","2,85840074554182","4,17255216640609"
31,37,25,35,"4,60079048394649","7,5630523946484","1,57087693872716","6,55195164561155"
25,28,27,39,"1,53163327659564","2,92646198246366","2,7035094371969","8,53684715781816"
37,35,26,35,"7,25064987102729","6,46325776077268","1,89765801923814","6,65335428825251"
41,33,25,32,"9,27298042079818","5,63403116498395","1,46037316842734","5,04013415877072"
34,28,25,42,"6,18450405240226","2,9602006662323","1,3614250738234",10
32,32,24,39,"4,86286420442847","4,82615250573352","1,13836625884598","8,65795386986557"
28,28,26,35,"3,06811859825489","2,9908991879976","1,79927506484595","6,65778628797485"
34,31,25,35,"5,88475450140549","4,54454870787104","1,62915277834301","6,57416840671617"
26,35,25,29,"2,12950069161594","6,45038983476533","1,47262370626593","3,29979500381206"
30,28,24,34,"3,75337186946161","3,18392919223829","1,14298809468842","6,13071053098199"
36,29,25,39,"7,03539495271523","3,44379750528999","1,34945645988734","8,36732017526057"
39,26,29,32,"8,29166245233833","1,78271794563182","3,48000914523324","5,20415624189406"
26,29,24,30,"2,09780943808276","3,66791932139965","1,04929511642801","4,22124124202419"
26,35,24,35,"1,83340656144162","6,43238811108557","1,06881799146664","6,66841809645127"
25,29,24,32,"1,66704792092038","3,27966967953587","1,08596157496943","4,75991836336773"
26,27,24,32,"2,07870620366517","2,64779428882777","1,16840523179298","5,13960314305991"
36,31,24,31,"7,16505621077952","4,63418425796239","1,13271822688577","4,68564296854089"
38,32,25,31,"8,17121261379051","4,75973983476128","1,29319260357987","4,51423474109346"
31,41,26,29,"4,25022890488596","9,56319819701803","2,06420697423451","3,6472347957363"
29,36,26,34,"3,49183519738022","7,06138279209886","1,78714754983787","5,75098310525052"
38,38,25,33,"8,04165652994127","8,11193988490517","1,32010072769189","5,5544250738332"
37,32,25,32,"7,63309496917137","4,90471499961799","1,30223372544821","4,80441456567557"
27,37,27,30,"2,61077437720365","7,34824577989921","2,40918265310195","3,88784874235852"
36,30,24,32,"6,78565237884762","4,12171283610517","1,10796013444197","5,24569634646149"
28,32,25,35,"2,90921150161398","4,78826310226461","1,36106800502318","6,73978169983206"
24,32,28,31,"1,03945827038845","4,86296385307058","3,02327978621411","4,48269396344433"
28,29,29,33,"3,10904921114598","3,33244331071999","3,64738228624665","5,61934150886048"
40,38,26,34,"9,13707981996786","8,16798367874091","1,81899219419207","5,96686359296913"
30,28,25,35,"3,98920907592132","3,19874240339173","1,45556256145545","6,49109825398546"
29,35,26,33,"3,69144854742242","6,52045252192891","1,98631687672469","5,42153281074017"
39,37,26,35,"8,61791575443611","7,67746401541758","1,90878095300096","6,47842325910582"
36,42,29,42,"6,80476765002807","9,75648115430106","3,64526903723704",10
33,36,24,24,"5,46049909947636","6,8504802995979","1,18698027676856",1
30,31,25,34,"3,75133933692266","4,35414722826621","1,45247717773138","5,75292139293261"
34,34,26,35,"6,10627696717152","5,79715156273938","1,88802139018498","6,30405085460556"
35,34,25,34,"6,70255270063185","5,86981439984957","1,44766157586782","5,99064003141112"
30,34,27,41,"4,11396552882527","6,12440472684018","2,33801019924391","9,71388595698564"
29,35,25,32,"3,47051600278462","6,41802079969267","1,38234485947913","5,15000328138438"
40,32,24,31,"9,03936255562319","4,82890154822602","1,04817045824627","4,64412694263811"
29,32,25,31,"3,55006440625944","4,76506201192378","1,32713816451301","4,50289780142408"
39,33,26,32,"8,4922729869707","5,44062465333928","1,99933696985178","5,08626988383088"
32,35,26,36,"4,86636405881453","6,60902814360788","1,81787944601892","6,96154055916046"
30,33,25,32,"4,2018604471808","5,39065928895254","1,4924501902655","4,96228722517113"
38,34,28,24,"7,94170372965431","5,77071510514952","2,84555230363356",1
42,27,25,33,"9,79243247056758","2,70347682892315","1,407865661213","5,31304830581993"
40,28,27,24,"8,81753448795689","3,01668299528737","2,47202989523045",1
25,39,25,36,"1,32571051487566","8,63670558810609","1,59338698825816","6,9122447326533"
40,36,27,33,"9,15878662610601","6,75362216400577","2,343814325177","5,36783351796373"
40,30,24,32,"9,0003167708743","3,96559794594461","1,19781986128969","5,12847411666295"
39,37,28,31,"8,68578150695001","7,68299856372683","3,16389110601036","4,34646793002561"
30,35,28,33,"4,08581375630694","6,41588884270737","2,80885605126717","5,25817711125932"
38,32,26,29,"8,19097066789103","5,13720570976204","2,08543678343565","3,59609353169943"
32,33,25,38,"4,8551470165494","5,66588415473992","1,38157935324524","8,03744044029687"
35,27,25,34,"6,46670087324005","2,46738852546452","1,27772597588724","6,23546970938324"
32,29,27,32,"5,06475060878422","3,36531557669293","2,57493402348916","5,1727220928797"
30,32,26,42,"4,00758787291597","4,79325715340403","1,81272070363337",10
38,35,25,37,"7,9997300434436","6,70802152458398","1,40249778708038","7,51497342302824"
30,31,26,33,"4,0030950375243","4,66118779479904","1,78391111513044","5,51640532132537"
31,30,24,32,"4,38418727428516","4,24480761422482","1,05754367348476","4,92731061794092"
27,32,26,31,"2,63281453481299","4,86196744916353","1,90737026100203","4,39876859027627"
36,32,29,35,"7,18472128106672","4,93057237467403","3,2612318603642","6,25950968600853"
26,36,28,31,"2,00095781333479","6,96169568674461","2,82771389690071","4,31610209166979"
35,35,26,33,"6,28753883551417","6,71115957585848","2,10477850899729","5,73938999855329"
39,27,25,35,"8,60609395168287","2,46848527195643","1,2619387266115","6,599175600558"
32,32,24,28,"4,98336413317011","4,79202855882654","1,07529602541526","3,06526390013053"
32,34,31,29,"5,00278482570032","6,11528897088185","4,28588969398178","3,62105562799676"
34,27,29,42,"5,8717401285575","2,7006539260296","3,26010121134452",10
33,38,25,32,"5,64100139624081","7,99936167982666","1,62517568828914","4,86917008289353"
24,28,27,33,"1,10130686048482","3,13476826584973","2,2692382773084","5,25458310709352"
28,32,26,24,"2,94179574728859","4,94122901084825","1,92792620934024",1
35,32,25,33,"6,38324304394658","4,77026559195759","1,68181007431871","5,57923309339823"
34,30,26,32,"6,18811620506745","4,17031475914298","2,16218870718096","4,85389292761592"
30,42,26,32,"3,83911229740711",10,"2,23374711422887","4,82473791946862"
31,31,29,31,"4,43250808264813","4,56164083767729","3,25887965742828","4,45375870408757"
27,33,31,34,"2,67076575292167","5,60467760403571","4,27230649807766","6,17684873906321"
33,29,25,33,"5,69575032887759","3,31223476226658","1,72118552880562","5,35734833727428"
31,27,24,34,"4,55128159994869","2,65861021994697","1,09339928667712","6,20607953783692"
39,30,28,35,"8,5417235607527","3,97097709735623","3,19837385763803","6,54999817948746"
38,25,24,31,"7,97986171132179","1,74461302121578","1,08340850776398","4,52310229888864"
29,36,25,32,"3,57404088953841","6,94028844736915","1,55258702949396","5,06850277026572"
41,32,29,27,"9,69385705213031","4,89764142476716","3,71388005714919","2,53677287478502"
31,34,25,39,"4,60072095664503","6,0138650733375","1,25605802197494","8,40477580306439"
30,27,24,27,"3,81883577345401","2,49586383855682","1,03120572498473","2,73593358404642"
37,40,24,33,"7,58295746915443","9,21847450790072","1,01918592795215","5,33350792978314"
33,34,25,33,"5,53848197491205","6,13300719154905","1,706309452448","5,44484722727413"
32,28,24,33,"4,82489125891065","3,08410548987709","1,16649368412026","5,38910478331797"
41,37,24,32,"9,70823325436751","7,36323625140027","1,05184278612582","4,78695807415074"
33,26,30,34,"5,35586205970074","2,13111682078896","3,88264583327069","5,82727307011554"
34,36,26,33,"5,94500397325039","6,82219632390475","2,12341134445828","5,70889593679822"
39,33,26,24,"8,35631201152676","5,41157192872826","2,05949452479766",1
34,34,25,32,"6,08127092751714","6,12458652579125","1,6154088349796","4,98159026131399"
40,29,26,33,"8,7545884202303","3,54975012012684","1,9939132857537","5,43481422349701"
26,27,27,34,"2,16926463578607","2,52416212430012","2,32817301430765","6,17834184832936"
37,33,24,37,"7,54468198732708","5,35045141883843","1,22308783861965","7,26122103703679"
40,32,28,35,"8,92110145869538","5,07035829771108","3,13482095912929","6,53662258109081"
32,34,25,31,"4,90435488889556","5,75620553914896","1,68477483658483","4,48285514335859"
41,33,25,42,"9,51512006684117","5,59645037866178","1,74610048911005",10
41,28,24,34,"9,72587644472204","3,17460321264071","1,12603454894005","6,03424608297226"
34,31,27,33,"6,14071994737289","4,25667276380412","2,70388190095701","5,5513563712014"
35,24,27,32,"6,61193831418367",1,"2,35234196818753","4,86016653366981"
26,31,25,30,"1,76605322135863","4,50676843696622","1,56177553097078","4,12031529319402"
34,29,25,35,"6,0309099639005","3,29545448623872","1,2867426116797","6,71568598258062"
34,34,24,34,"5,836081256737","6,13930877555925","1,19529514988231","6,1403083619487"
38,30,30,24,"7,8595476756315","4,2098578061351","4,07557635441886",1
38,31,24,33,"8,23319151914421","4,55431004610581","1,24399825819794","5,7005869599638"
26,27,27,35,"1,75251777748404","2,33702582135812","2,72492854113459","6,64501833314363"
38,27,27,33,"7,8091601238915","2,58891859220402","2,27941719412145","5,41697515068836"
35,30,25,33,"6,47083688873022","4,21469218558182","1,52785765781318","5,47179681401883"
35,36,24,33,"6,42420287590042","7,0942887923318","1,06203436558394","5,35704524443758"
36,42,25,31,"7,10472091448115","9,79759570414868","1,42502619401478","4,61004423095287"
35,34,24,33,"6,27677833985812","5,76011139723861","1,11888236488134","5,44920464365924"
27,32,25,29,"2,38029815688342","4,75248691325607","1,29552516180557","3,3751491093913"
37,28,26,42,"7,32793687792738","3,17877996661145","1,776277450023",10
27,34,28,33,"2,30162630705377","6,11697787715644","3,19440036487949","5,35439710581331"
29,33,26,37,"3,33072219403973","5,51112377381214","1,96827866490385","7,33148748268765"
25,27,25,37,"1,73532285379018","2,73775722543587","1,47903459907045","7,27923433278792"
37,36,24,36,"7,43596138742319","6,8887917477769","1,11108107470061","6,89946227956934"
39,36,25,32,"8,35266140399323","6,88842025996335","1,72048745759422","4,89849130954497"
37,31,24,33,"7,72930542581647","4,37538914250706","1,05105846124424","5,73141562893837"
32,26,25,37,"5,01131965997836","1,806081913119","1,64450119343914","7,72664479431372"
25,37,25,34,"1,29845849828155","7,34642135597545","1,61962435201571","6,08572097992842"
33,30,27,35,"5,63399111474293","3,9586453020998","2,3718415126235","6,49922714925707"
41,36,28,31,"9,49770585579513","7,08987459284919","3,00700536232342","4,39177165122285"
30,28,26,31,"3,86456199543337","3,07314686398286","1,84158338443316","4,3021157945819"
34,26,30,29,"5,9378806177929","1,96049951472883","4,05442053338999","3,41941769334988"
31,28,29,32,"4,54741385259759","3,03786633878545","3,54651385729119","4,96103414131174"
27,28,28,35,"2,60447867955043","2,75591275717243","2,9496607121343","6,29357311354992"
36,36,25,24,"6,75880683313984","6,87998383888002","1,70658187432683",1
36,28,26,33,"7,21519596334573","3,24276307355194","2,21568472451076","5,70067273676781"
29,32,26,33,"3,31427124053788","4,79717235420573","1,81434315545917","5,47061641430839"
31,34,27,41,"4,37832905087707","5,89657526264904","2,64940098026214","9,46408212912308"
36,28,26,31,"6,90870889153979","3,22131643973639","2,0557209307431","4,65597035677606"
26,34,28,34,"1,94837396232788","6,23641534235034","2,94323793133147","6,06427403129566"
27,34,28,39,"2,60537663294952","5,86309836120075","2,84878870264286","8,38312206723668"
26,39,29,35,"2,03061767246767","8,52820331275212","3,73559335781154","6,44277532259806"
30,32,24,42,"4,00322279625128","4,84403053173385","1,16662838630037",10
40,32,24,32,"8,82309568386166","5,13332764264067","1,1774240705547","5,17072550646057"
28,35,28,30,"3,16739851869909","6,30015704728494","3,04729098362746","4,06116078162495"
27,34,24,31,"2,72762140534144","5,95170729232964","1,22632442729154","4,67796302061642"
34,31,25,31,"5,91358086914928","4,64102612809101","1,33876596743581","4,60572131675941"
30,34,28,34,"4,166563464616","6,23440379155641","2,90638817578024","5,78417091246693"
36,32,26,24,"6,81599204109566","5,19537264377158","2,22884299613004","1,11861565296639"
28,26,25,34,"3,07612209267974","2,17538587255275","1,48679529621313","5,969214058953"
32,40,30,33,"5,09644607025139","8,8248598807844","4,17488323307936","5,74234501661665"
30,25,29,37,"4,04682501187052","1,59436988338438","3,71646312360967","7,51693652780034"
30,25,25,24,"3,8470371419167","1,72178290730536","1,3637202242637",1
29,29,24,27,"3,52332433759271","3,74777378314763","1,09904060467349","2,62192707362179"
27,37,26,42,"2,44835230822768","7,31777727707986","1,76494454859181",10
38,38,25,40,"8,03992358390637","8,10641907978311","1,26336367031532","9,22085943835709"
37,33,27,37,"7,64434708356695","5,3014317944446","2,41290320842123","7,35088772329467"
31,24,24,24,"4,31235498419614",1,"1,1001535786066",1
31,33,25,42,"4,28528780734594","5,43960243736795","1,4023949277244",10
25,38,29,42,"1,32645559933491","7,87262909512178","3,4376221324357",10
30,35,25,37,"3,7901138223901","6,33554738515261","1,42619765555448","7,32329555924422"
40,33,27,32,"8,83756626348954","5,47950350506205","2,55388611092491","5,03787104905149"
35,35,25,31,"6,72349052704759","6,68830452848473","1,29580881494692","4,28622022782235"
37,30,25,24,"7,30184340448592","4,06853178425887","1,53176713464968",1
26,33,25,30,"2,13921619874431","5,71127067584408","1,66274213006117","3,87624633918606"
29,35,28,27,"3,68128765452898","6,61980808429246","2,81800434073114","2,59903353292227"
25,37,24,29,"1,25502566187812","7,45798601877299","1,18366848299661","3,62943039584028"
32,33,25,33,"4,86996582065669","5,38417687345425","1,29752387328256","5,36446096680847"
31,27,29,33,"4,40178025324647","2,25302764118368","3,45777373765514","5,25065385625598"
33,39,26,33,"5,65467295907412","8,53288284017294","1,77688210880699","5,61054710710764"
30,38,25,24,"4,14590510232796","7,92116743750496","1,7420333175808",1
29,33,25,42,"3,50770751052485","5,39159846494025","1,72196661938228",10
39,30,27,31,"8,51636615887293","4,11568290246566","2,38077399436714","4,74353571236931"
26,32,27,42,"1,92219519229154","5,23511992059867","2,51028026197627",10
35,28,26,40,"6,45785306592981","3,00542266686917","1,91127120504143","8,95936875937424"
24,31,26,24,"1,07456025530219","4,68006107339746","1,9060775715858",1
35,29,25,36,"6,38054195807629","3,5187335074085","1,61646682256823","6,78731491904946"
32,31,28,36,"5,20392620006993","4,38266533799569","2,78233075385103","6,75016498188119"
33,30,25,34,"5,40433201719784","3,93743901088616","1,45609208912451","6,14616270194407"
29,38,37,36,"3,38073038898119","8,02277649411156","7,53675677386894","7,05785260544925"
27,31,24,35,"2,46307037215567","4,50305450437607","1,15110831566163","6,69399091112503"
26,35,29,33,"2,17565359444777","6,61491731788599","3,48170415949569","5,64647952971217"
34,30,26,34,"6,00471541393765","3,77847719922997","1,99316724650694","5,85952592480927"
25,33,27,37,"1,53602517931946","5,49801211955016","2,53377956508516","7,37585576944765"
40,32,25,42,"9,08499313419307","4,89316766088873","1,70678143469624",10
38,33,27,42,"8,14208431288378","5,34687547770783","2,67314174699289",10
30,32,25,33,"3,84001328764453","5,21874403631147","1,7120571447687","5,28895663738998"
25,32,26,33,"1,63656262684856","4,99427984285194","1,99817331535216","5,39938033114888"
41,39,27,32,"9,52696385913682","8,57596655666275","2,64249275466712","5,15251585071505"
29,28,25,42,"3,31940506298985","2,93907059098905","1,68225235434637",10
26,37,28,31,"2,09566474578667","7,61824894878665","2,83482071913313","4,73649613871585"
42,29,25,24,"9,99387589938342","3,37592988050965","1,61871335088303",1
31,35,27,42,"4,69914918869062","6,67053866406951","2,68238012981471",10
24,33,30,33,"1,17865219297687","5,50823953190714","3,94762733713388","5,6843369618651"
41,36,25,35,"9,25445174477343","6,78679013677758","1,25607064632196","6,67266822151746"
34,32,26,31,"5,9875141002312","5,18607862241387","1,84005254347982","4,54182860735406"
38,36,27,34,"7,98003519951531","6,8205326328954","2,29991057241214","6,15348950824666"
25,32,27,31,"1,34461793800555","4,82605930383289","2,5356833941002","4,25202443278289"
29,37,28,40,"3,46368269635181","7,33494996921112","2,80703666886303","8,77362965264607"
28,36,26,31,"3,06646089901844","7,00374164460121","2,22771317236307","4,73133584414546"
30,28,25,34,"4,13488959236563","3,00837254049467","1,65159132389235","5,96400064631228"
38,35,27,42,"7,94299013708389","6,31126755845575","2,25150563912008",10
34,28,31,35,"5,88270346869383","3,07292878730608","4,72685205947348","6,47580883317217"
27,31,24,33,"2,64477342135722","4,38107614556766","1,24335622035519","5,54659891356569"
38,31,27,38,"8,13856162891492","4,25849009513618","2,52079967780856","8,02705972423026"
26,29,27,34,"1,76891515903518","3,35255055845739","2,59760473114491","6,08911299364769"
28,29,24,24,"3,00950607768485","3,40493414390285","1,20930327807542",1
38,31,24,33,"8,22190051250466","4,6959089152812","1,05703204723771","5,43580375739908"
26,34,25,36,"2,0359687881002","6,00821687543546","1,36487898022339","7,03388750582479"
34,39,25,29,"6,12021828735705","8,33537192621387","1,52716782691242","3,72285049085865"
36,30,29,35,"6,91454750529012","3,96214493176867","3,33944624079863","6,46541143345618"
26,36,25,40,"2,18333799302924","6,88108929773008","1,29305226334832","8,85958760626061"
35,35,26,31,"6,49892587773194","6,62188515653163","2,2212170957279","4,58934100621137"
27,27,25,32,"2,43823924229106","2,67602475340891","1,57908938755471","5,16451051597165"
27,32,24,30,"2,61430540020075","5,20686055272615","1,06736865067247","4,09938838344644"
32,37,25,30,"4,75904930010203","7,71458599823589","1,3729780366424","4,22756972160259"
36,31,25,24,"6,93291786022084","4,36620650067748","1,42170584658708",1
24,31,25,24,"1,17807831743504","4,59531820548276","1,31328226401163",1
31,38,29,36,"4,49763709404066","8,04728235686547","3,57745263242347","6,90113748403991"
32,42,25,32,"4,80615012774332",10,"1,44828908071738","5,05579703867721"
36,35,30,25,"6,97243255813436","6,25023828336718","4,17997342995541","1,5899786936556"
33,32,24,37,"5,67188262084203","4,92002339158129","1,19377025056331","7,61316831928887"
28,38,29,35,"3,1727434126119","8,13033837830391","3,39231277424247","6,31294774773406"
26,34,26,31,"2,12354316838088","6,23357458179568","2,23600220139762","4,61581987131067"
37,28,26,26,"7,2619616320235","3,18409691764706","1,76156881482802","1,90381155956327"
29,37,29,37,"3,49511297349543","7,60298680392795","3,54942904020205","7,64670948313217"
26,37,26,33,"2,04939896556602","7,47674214727664","1,7921651741981","5,26001208541891"
31,34,27,33,"4,54517824763055","6,0915387654962","2,25069137360562","5,46368934075021"
41,33,25,33,"9,67829034937087","5,50262898364992","1,47597853834525","5,38037441417542"
41,36,25,42,"9,38521760965423","6,95262117865466","1,524177138626",10
31,32,25,31,"4,43171030508182","4,89757962034632","1,52797077623869","4,50599089328494"
40,28,25,39,"9,20875702144817","3,19685062422953","1,44169782972349","8,66771959594967"
28,30,26,36,"2,86928615022319","4,1032609779271","2,0542882257146","7,24266206163783"
31,38,26,33,"4,38247528015969","7,86815372497916","1,8759787181242","5,43616554203699"
38,26,24,24,"7,75225682854438","1,85946157368392","1,18437455300443",1
36,33,26,38,"6,89637726375317","5,40310921064856","2,09690130378627","7,84295370900679"
24,41,25,42,"1,22811200859734","9,46658783209678","1,51204507717245",10
38,38,24,39,"8,21563038843959","8,13699359876707","1,10334819380193","8,36397127154978"
36,28,25,35,"7,11523368116688","3,2140268587634","1,58630988621224","6,27210180353482"
33,36,25,34,"5,58571768065795","6,8312986879189","1,28059216156728","5,79604410680848"
30,31,25,35,"4,19029266698664","4,58083022900361","1,2688886132018","6,44910815894953"
31,40,24,34,"4,55836231079601","8,82327656268381","1,0930470226431","5,94206037574267"
38,29,27,31,"7,86092844182535","3,4740369062812","2,59254335760119","4,3473804609778"
25,35,26,34,"1,29708768757975","6,68191949313639","2,1331835589367","6,20693870494007"
34,28,24,34,"6,23291783186412","2,93863229027677","1,13523163041878","5,90670001809"
35,30,26,33,"6,35764175449315","4,13359233406051","2,04193523572813","5,65974249040297"
33,33,25,35,"5,36754318649864","5,52477281361244","1,60565097854744","6,38703235491106"
36,25,25,27,"6,97961612176681","1,53474919197666","1,3256354414537","2,65277007157958"
28,25,24,38,"2,91724249140949","1,52210859749754","1,05151883734952","8,15931953508669"
35,32,24,33,"6,42286622376894","5,15489288212843","1,08749331283406","5,36766266493402"
34,40,25,35,"6,15944871302183","8,95834285813796","1,32788798817405","6,35154282024116"
40,34,27,41,"9,16556358123466","6,01733576575122","2,30166299447718","9,69537554814194"
26,35,24,29,"2,04312606941879","6,35257799303226","1,02025587515402","3,6791274960997"
24,32,24,36,"1,21567907247379","4,81169074055723","1,03045517605913","7,11338015668461"
31,37,25,38,"4,6078437862708","7,2542294880371","1,40109487762597","7,93037142760302"
38,34,28,24,"8,10233672704765","5,85030952731647","3,04386946467374",1
40,30,25,36,"9,00157873687739","3,9189150796684","1,2669161040351","6,93427980440515"
32,39,26,33,"5,24029811466344","8,35861533396238","1,87652653654815","5,39515129526367"
36,32,26,36,"7,16722232723269","4,98764920084387","1,78506145781921","7,03405579288088"
34,38,27,33,"6,23195701699851","8,23854344486291","2,522942464866","5,34041586115312"
40,33,33,33,"8,80814731177279","5,32656224322135","5,51687029311373","5,27279720802878"
30,34,31,35,"3,76997404761494","6,12912617769756","4,74739882678283","6,38721674989372"
32,33,28,33,"5,08516491670511","5,49302383135704","3,18095627073399","5,66986053259285"
34,35,26,33,"5,88415638122447","6,54022117327086","1,77946499052932","5,30459935372432"
31,33,24,32,"4,60135327918768","5,34684129354936","1,21833951088798","5,06732699111988"
41,34,27,32,"9,49174121930429","5,97412747041245","2,4370861403363","5,08405054031627"
36,37,26,32,"6,84902291656265","7,31623577644539","1,77026318241488","5,03592737247532"
36,34,27,34,"7,14362889815931","6,23705350900467","2,42032242395123","6,0025392276657"
33,30,26,34,"5,55989148880951","4,19910097392247","2,13650964605759","5,84961538855077"
32,38,25,35,"5,21891966026617","8,11990686635658","1,60032292069382","6,73660837455189"
41,31,31,29,"9,31901920195298","4,6320620930197","4,68080864994878","3,63392772241699"
31,33,29,30,"4,61385828424782","5,57755239827684","3,73274046395849","3,99953281879755"
30,30,24,36,"4,16925933197916","3,94120001469689","1,21966790745313","7,21543367363362"
39,34,25,36,"8,57008219039906","5,98393981550903","1,35273346843395","6,86147963767813"
31,40,24,31,"4,5415176868018","8,80860761224459","1,24386059050788","4,66323862810737"
39,34,26,33,"8,6896814331601","5,87663142492536","2,16006710168412","5,72635171642898"
40,36,25,32,"9,14164909922047","7,1046939790614","1,40231918400894","5,14880604339398"
25,30,33,32,"1,48350088913861","4,24532622048798","5,63691684464317","5,0412985351615"
28,29,26,35,"3,11434103125911","3,69193459833295","2,22031660511317","6,39402303670384"
33,33,31,42,"5,29436514650937","5,55395319899127","4,25660728085398","9,83314038612717"
41,31,27,32,"9,66135380577851","4,37652468303042","2,60988516960517","5,20589591078061"
32,34,25,29,"4,79866503586487","5,89359185712168","1,54240168535919","3,58438292317051"
32,34,26,33,"5,14829232629534","6,07239728541772","2,10201182301816","5,50921911941962"
31,38,26,37,"4,42909739051988","7,97268559518835","1,80648038791598","7,35483661127676"
39,36,25,30,"8,25226274288012","7,06073209071839","1,73425707247974","3,77441287635636"
24,36,25,29,"1,04549595996399","6,85017888862729","1,30062542355286","3,44182216850187"
36,30,27,34,"6,95499278335125","3,99139353101173","2,31363987681844","6,07165020435451"
33,38,24,28,"5,34283907225908","7,78595303187085","1,07880559316582","2,88131885398312"
30,30,33,24,"4,2035199257672","4,01695170207944","5,37734867339652","1,05816339585955"
41,38,25,35,"9,56710063624602","7,79346388841913","1,4570902717206","6,57280415883108"
36,34,24,32,"6,79643472513626","6,00135875561457","1,15355634958279","5,19947193043079"
32,32,26,33,"4,86097669424584","5,05873379569795","1,7732391450951","5,34763259726766"
39,39,25,32,"8,55175811982315","8,46703200787641","1,30859293378073","5,1309060082061"
32,37,27,35,"5,2143702458894","7,33033181594798","2,30998550572552","6,64284392012279"
39,34,26,24,"8,44000434410733","6,08755137909799","1,992224776131",1
27,32,26,31,"2,586485993391","5,09411289865924","2,13494669015713","4,27171236514421"
25,32,25,28,"1,55563002843912","4,75639993188299","1,73882319399971","3,23949563202967"
32,41,27,24,"5,20551268969044","9,35355771472238","2,38774392071061",1
28,36,24,36,"2,83879723415029","6,93309427021734","1,1586882670382","6,9405613242721"
33,36,24,36,"5,4322850090788","6,85409703657711","1,18227885534289","6,7823380522478"
35,34,25,31,"6,58668167497902","6,12243089445469","1,74864303264743","4,68864610183479"
37,26,25,42,"7,49570503789592","1,93242142795754","1,65170824459223",10
31,36,26,42,"4,52439067476249","6,94974124380079","2,1146638534415",10
40,31,26,34,"9,2493052183504","4,32373866520792","2,10528893646886","6,05591126501991"
29,30,24,40,"3,72242152182478","3,9828350416424","1,08200580430608","9,0010881773512"
31,39,24,24,"4,46999470371491","8,55368425519048","1,06872733314008",1
42,35,25,31,"9,85552655830027","6,35498238764105","1,4438599756082","4,26280995314042"
40,33,26,34,"8,75732378968761","5,38639429721602","1,83717704964261","5,858485431708"
33,36,25,36,"5,42844727454524","6,8099389843171","1,60164901378544","6,84389726854869"
38,29,28,24,"7,87296646797606","3,36830822862214","2,9717412993249",1
27,38,29,33,"2,54888555935304","8,15938654284467","3,56023572584808","5,4667093064815"
37,35,25,33,"7,71394908429921","6,54679485069332","1,3008359624932","5,70557653767491"
25,31,25,31,"1,47181156174607","4,56168233644438","1,36973197561623","4,73413592306326"
28,29,34,36,"3,04238270506245","3,67954655628378","5,86252075195185","6,77001669708853"
35,39,26,36,"6,72559971808369","8,29207384042845","2,18041230659618","6,81731925922243"
39,33,25,38,"8,48737910573814","5,66905575991405","1,47430563464828","8,11249937078828"
35,33,24,28,"6,70391230779722","5,37813227749017","1,20549400498678","3,14500425202416"
28,32,24,25,"3,16791136059891","4,97659084158175","1,04699861539537","1,72023798220411"
30,30,25,38,"4,24627685365222","4,18784605637113","1,34354200702409","8,08622858150491"
39,29,27,36,"8,69318475144721","3,67551312416525","2,43351128089016","6,85117323168093"
34,30,25,32,"6,18446151286327","4,17891827266925","1,52708278660834","4,88413837286497"
40,26,25,34,"8,85714871040964","2,21639434198558","1,57874606481132","5,82056994582504"
25,36,24,33,"1,61329726627635","6,77880845213217","1,00304389965255","5,59151102649478"
32,35,25,35,"4,93632153853677","6,30815426310694","1,59444381965018","6,5065894417381"
27,30,35,32,"2,69455339129578","4,21324218014903","6,48572056584452","4,84159431971507"
27,27,25,41,"2,69654798453249","2,49675388844473","1,54535615441544","9,46149944718914"
29,33,26,35,"3,45937341387958","5,65960503003349","1,88583556452965","6,72928814478708"
39,30,25,39,"8,49316708949759","4,06675767965519","1,25262002891606","8,27154524406319"
29,35,25,32,"3,56426266318988","6,59613001110762","1,3517146259996","5,21017788198991"
38,35,27,35,"7,99127559898768","6,5120590485696","2,34679590833956","6,30285852788796"
30,30,27,34,"3,97192866510363","3,89379880988435","2,46203656550313","6,12938716131359"
27,28,24,31,"2,62726046450861","2,7515321049264","1,001699538444","4,51196883146046"
38,34,27,33,"7,98529126012754","5,89914908519195","2,72706409133306","5,64356609213758"
38,36,24,42,"7,8002972669548","7,02568438559795","1,2021938322308",10
33,27,25,34,"5,62340686284662","2,28696745322141","1,67322517777843","5,87099303741169"
39,25,24,27,"8,46113190004915","1,33963094721063","1,02003197751651","2,48629401483232"
40,32,27,33,"9,24814634299138","4,93454401430285","2,71959442444761","5,53176815417306"
41,33,27,34,"9,70339322890047","5,60109892252387","2,57811902793546","5,82544571423098"
32,34,25,27,"4,78953649642422","5,81619719102848","1,45008229335856","2,62551297144015"
29,30,25,42,"3,74073733067096","4,13920239309253","1,67511786003758",10
28,32,27,32,"2,7935112623814","4,9168594326398","2,49180635880915","5,08802490257054"
27,26,27,28,"2,58984054059589","2,15995192014744","2,26918301000168","3,23233067417292"
31,29,29,42,"4,63351494505192","3,62629740932622","3,55200804408929",10
26,27,26,34,"1,89205728559056","2,64128744280633","2,11947101008734","5,95190134450211"
34,36,28,33,"5,99817398278532","7,00389590313931","2,772153518169","5,62300125907902"
42,31,26,34,"9,93857567011681","4,5695491873522","1,77502585082891","5,88962761952839"
37,33,25,34,"7,30541773611519","5,59963187319826","1,58849599587479","5,78428969458275"
35,32,24,42,"6,495464740275","5,1165992012076","1,1095755057718",10
34,29,27,32,"6,24001267637197","3,35963402842163","2,54956499089249","5,16449110840813"
39,35,25,37,"8,66516982783327","6,48060416723494","1,29201945320987","7,37895583594656"
28,27,28,34,"3,00602768331814","2,26026142162549","2,87993468914847","5,99587698629206"
37,38,26,35,"7,37208290802746","7,81635536171445","1,91938363319315","6,32423446550068"
29,28,26,34,"3,25953081916918","2,90548762704917","1,86737371424967","5,87371403354417"
37,33,25,36,"7,74751816641992","5,52315734866853","1,56811962884395","6,87394441089541"
33,30,24,33,"5,61130005319093","3,8442489365751","1,0112767669358","5,41239711569908"
30,36,31,36,"3,80111858317553","7,05502871616194","4,69321903798196","6,80713998227946"
31,30,24,34,"4,55515474328436","4,13419178888389","1,01225392633643","5,95243764195292"
28,36,27,33,"3,23843085318317","7,11013985311345","2,25015408664221","5,59860262133157"
34,27,24,34,"5,89877392411363","2,73541850248486","1,05054103928676","5,9369557704165"
37,39,26,35,"7,64978656424237","8,50877639392617","2,02052846887865","6,3017851473025"
42,30,29,28,"9,7985945915987","4,24176670013945","3,51984995946508","2,8497694117162"
38,24,26,42,"8,21728369580956",1,"1,76473474989856",10
27,41,25,32,"2,59603036835361","9,3194731768343","1,41017804319018","5,06559835842459"
38,30,26,34,"8,21433160171036","4,13751083062387","1,75822321727713","5,89733573561118"
41,36,25,35,"9,68003010568412","7,0363919032362","1,39562604235021","6,36361802041285"
35,38,31,34,"6,37315134774517","7,82614060521497","4,36643817139857","6,04183212332862"
37,32,25,32,"7,66009347954308","5,20839235075439","1,34592589193041","4,76160521448326"
30,32,26,33,"3,95304604121238","4,81899197161595","1,89874667418424","5,39739818385898"
29,31,26,40,"3,68652693409847","4,58904632486781","2,24033788149676","9,09719883117566"
27,35,24,42,"2,31873760284798","6,48398120093614","1,16844308591647",10
37,26,25,35,"7,39943190650644","1,76804558129606","1,59856426038908","6,74658951072462"
32,30,26,27,"5,21177784491482","4,17725593230288","1,89937589879639","2,56073474624145"
33,33,24,24,"5,42707983965276","5,55248114739843","1,15678762393849",1
24,32,24,30,"1,16826439929865","4,79293475477311","1,07087603333527","3,79692269335378"
30,34,28,24,"3,94609973536276","5,9609107191618","2,76397183361625",1
31,42,31,34,"4,43680744396639","9,91458220436332","4,68587021508422","6,03737035575853"
24,38,26,35,"1,13932811990834","7,81817795298516","1,88383259273873","6,62564881540861"
24,40,25,32,"1,21540588567957","8,93262047295606","1,27012204418708","4,9178618412141"
24,33,25,32,"1,21460966649253","5,57127161552218","1,73553454558668","5,24964006461109"
37,34,24,32,"7,47817746809873","6,07143831433999","1,11811651042402","5,14205524832372"
41,31,24,28,"9,74074865026645","4,48131379943964","1,23185309985277","2,99664704114587"
30,37,27,32,"3,97931642248071","7,33325121897373","2,74406756416485","4,96745689430441"
25,24,24,34,"1,73735884785174",1,"1,09271646177152","5,88032000585627"
25,33,25,33,"1,60511536284972","5,6205980894214","1,73880022964682","5,30158631088003"
26,32,24,34,"1,76139988991885","5,18367002893434","1,16186116923576","5,84509696292447"
35,36,26,32,"6,49466673996946","6,7761499101088","1,82572257382549","5,00984282231204"
39,32,25,35,"8,74355006102146","5,20104310443279","1,6242439226467","6,34143000273331"
34,33,26,24,"6,22825190078942","5,38629057719212","1,90637362176021",1
26,37,25,42,"1,80554412061437","7,59201279882461","1,74054604989314",10
27,33,25,24,"2,56597187378241","5,46801790233686","1,44027019548896",1
36,34,26,28,"6,88162668459987","6,13926005170483","1,77321911717826","3,09366101807833"
26,37,25,24,"2,06552011763502","7,36682174616109","1,35524492346086",1
41,35,24,30,"9,72076230927219","6,53721926064716","1,03056522308446","4,09554897903771"
33,26,26,35,"5,28700479813706","2,19406302525692","1,96109556665721","6,53073983421826"
38,37,26,30,"8,09987056769004","7,44718899413419","1,83650707524692","3,96675587294388"
32,39,24,27,"5,14500600816427","8,41950061366967","1,1861502353651","2,38871144917529"
26,36,32,36,"1,98050103398601","6,89177268706329","5,00007483224718","6,97433462489456"
34,42,25,32,"5,88746199773447",10,"1,69733600858292","5,24848606629364"
27,34,24,29,"2,70788233549335","6,04684389559178","1,23121305323194","3,42633186456943"
25,39,25,33,"1,46012013135844","8,59337463873582","1,53368864240574","5,71533824477688"
25,36,25,32,"1,70907391819416","6,80611644057486","1,46717364424637","4,87203731548544"
36,26,26,37,"6,84138157219741","2,15421938335498","1,86870622848546","7,30968354969092"
29,24,29,35,"3,62299611947834","1,08039848272757","3,30077570741878","6,37811427494933"
41,33,25,35,"9,35431853678322","5,74143607868358","1,51405265909419","6,26503514184202"
36,24,25,24,"6,83443054525226",1,"1,6681100294622",1
36,35,35,34,"6,97770642366477","6,37527535689163","6,29084547087932","6,16291177799885"
35,34,27,32,"6,37134998317243","6,11134657242894","2,3673410532058","5,10644114769194"
37,33,27,26,"7,28359491795534","5,34169602056561","2,27546837151083","2,11665469260278"
32,32,25,33,"4,83234454405034","4,78328326744998","1,62942915790102","5,72307580116177"
30,35,25,24,"3,75757589166109","6,54963573292733","1,31258043583301","1,07873017544105"
24,34,26,36,"1,11301449085245","5,88030913225839","1,760536173221","7,05082052119549"
41,32,27,30,"9,55081095809269","5,14897666178764","2,46498551068236","4,06928341437862"
36,31,28,33,"6,90871418015862","4,43278900590149","3,00436687513935","5,36435908431273"
25,39,25,38,"1,47641176837848","8,51221233354395","1,41544562254368","7,95805875335505"
33,32,24,24,"5,66664506784853","5,0115232486123","1,07635063037824",1
24,34,25,31,"1,133430553036","5,89360241469293","1,50897073788039","4,47178735734506"
33,32,24,33,"5,3497262166482","4,97552102905374","1,19266242591281","5,33490928017063"
33,29,29,32,"5,62562286814463","3,27258210413005","3,32544535442227","4,76831258076618"
41,28,34,35,"9,68047723797447","3,23052904889159","6,02668003366161","6,64871190255599"
34,32,25,32,"6,03190304644289","5,15002835559049","1,28504780305844","5,10139402683734"
34,36,24,33,"5,97823281622967","7,09185318575432","1,0507291364016","5,56875664793935"
35,36,25,33,"6,3904598186046","7,1303465939808","1,71588720113678","5,42593868802416"
41,30,25,33,"9,53108273049965","3,83650665939946","1,28726489739755","5,69071808638824"
28,38,24,27,"2,77104380706475","7,85011224952397","1,17602742066432","2,40691919372133"
42,38,26,42,"9,77162544225011","7,99650970977172","1,86952237873801",10
25,34,26,33,"1,3259531758974","5,99143474632029","2,0084626384478","5,42873609213328"
33,33,24,42,"5,60520777485039","5,28921762710451","1,04815582587218",10
31,35,24,24,"4,2715499335241","6,42796993837132","1,1714585415018",1
39,35,25,34,"8,33945200733018","6,37644201510073","1,57967772570698","5,80489632842856"
40,30,26,36,"8,76811067364433","4,13750983139998","1,90732652931927","7,11095449423218"
26,35,27,28,"2,15902046881186","6,5420947923543","2,68867424842562","3,10768422495442"
36,24,29,33,"7,05994815511531",1,"3,26742107973109","5,31493712184774"
26,34,26,31,"1,89317496144092","5,8857885081017","1,84019140146829","4,66376982942058"
26,38,24,30,"2,14213277300975","7,92635602408919","1,12796735005896","4,20480411620899"
34,38,28,33,"5,92276210302798","7,84539732358854","2,85046621948206","5,2577532064192"
26,31,27,42,"2,09892261914726","4,5845191872383","2,39534928658734",10
25,37,29,31,"1,50140748197279","7,74870090986384","3,74798538853568","4,35607648608521"
37,29,25,36,"7,50952082752088","3,39277198493314","1,54919074986603","6,82827150394861"
31,29,24,34,"4,40324661646715","3,31272418603697","1,04989980205843","6,11796378506879"
27,31,24,33,"2,32855527129515","4,48494030506183","1,23240960933374","5,69215256520373"
39,31,24,31,"8,54879909646455","4,49165297916048","1,10464886214249","4,63767613123802"
40,27,29,24,"8,7759623215704","2,62748025592603","3,27723237492813",1
29,38,26,42,"3,6573160577822","8,03369602894884","1,93565502436002",10
25,30,25,34,"1,27750220817018","3,83088036634841","1,32794401091286","5,93911898036009"
30,29,24,34,"3,88077203112219","3,39612879491802","1,0104934445236","5,97644800982734"
25,34,25,24,"1,49147418503151","6,1731219965689","1,32970271406452",1
36,34,25,32,"6,82599005284079","6,01641685476626","1,42486541706388","5,00440850194925"
34,29,25,31,"5,87974196923124","3,65065279389597","1,54378997745024","4,58882073880016"
25,39,24,27,"1,6958333357124","8,43422511910469","1,17422646763846","2,47892187955558"
25,32,25,24,"1,40674032559869","4,78725562640721","1,53741506787262",1
40,30,26,32,"9,10146748612035","4,05722067263103","2,01914561742713","5,16054999632187"
42,30,29,42,"9,98748731605159","3,83724019256204","3,292781034737",10
38,30,26,38,"7,84418101816318","3,84705626114779","2,01090008851372","8,16848579256899"
38,38,27,31,"8,19585965884394","7,89077118859717","2,59979683475853","4,6241859513765"
37,37,25,33,"7,34903246101756","7,74132994759792","1,28610600006189","5,59891479922351"
33,33,30,38,"5,27615964135974","5,31195622508232","4,11669191574528","7,85373878262918"
35,30,24,33,"6,39047978366946","3,90354448650066","1,1611089662758","5,39553415808725"
36,37,26,40,"6,82558749961516","7,26949186487653","2,21090580001835","8,85033531276116"
32,30,24,38,"4,84093881915453","3,93709060472418","1,15938949189043","7,87429730494059"
40,35,26,42,"8,94707679938388","6,39103120337915","1,89022458245562",10
32,34,24,24,"4,85562285770097","5,87758470640154","1,199935135722",1
28,28,26,24,"3,1869767069069","3,02258210768634","2,0374933468931",1
39,37,25,33,"8,4281336871001","7,51933267850815","1,54144252957657","5,58606291909564"
41,31,26,36,"9,62722215663568","4,71637760862828","1,98247038444158","6,91375671173332"
38,41,24,24,"8,12380166608806","9,69926072283491","1,14248795380709",1
37,32,32,33,"7,703166730435","5,24513448829427","5,16650587486852","5,50609578296386"
38,31,25,42,"8,16809179710888","4,36846772372491","1,46905921140244",10
40,35,25,34,"8,85767911469208","6,71828452691956","1,38386119177435","6,009042805771"
34,32,24,32,"6,15235729698615","4,98958426459057","1,14493452015306","5,12163444422508"
39,32,25,34,"8,65702228388737","5,14638032526155","1,28984659520281","5,97106459108903"
27,32,25,30,"2,57369190955137","4,81227782781818","1,44333938247739","3,79613690048827"
26,31,25,42,"2,2308238261184","4,38301368330792","1,48060285617892",10
34,33,25,32,"6,07823411695113","5,53515563648079","1,53809050478586","5,23627141681944"
40,30,25,34,"9,20785024534471","3,90974794480179","1,69073295513951","6,02581394783735"
40,27,24,33,"8,80508969006264","2,32961265283913","1,21906244463418","5,63358918411556"
41,39,25,29,"9,70376449603712","8,47167981022819","1,42934600105493","3,69248821417119"
29,38,25,32,"3,57183615976811","7,7600469473152","1,60965641817598","5,06751506091767"
26,32,27,36,"2,07282842380897","5,06733495951134","2,34642484579065","7,04867323327134"
40,33,25,31,"8,99582414147397","5,36979278278037","1,43385425484256","4,5184700713091"
34,29,24,32,"6,06572972215677","3,37945870102753","1,00200853811709","5,15506834871222"
32,37,26,32,"4,75574461978449","7,74542277324139","1,76992340469993","4,8114557469518"
40,36,24,33,"9,23873122532863","6,75125215727301","1,22573493572415","5,6111086063998"
37,29,32,34,"7,3037439797223","3,27741375682551","5,20799330065413","6,20635760345434"
36,27,24,31,"6,78393928518591","2,51048377856198","1,11389345932581","4,74755273620733"
40,39,30,29,"8,76868027483037","8,2925820294594","3,80276170699459","3,6344235123295"
41,34,27,38,"9,30814207174651","5,81850060820713","2,62724299322799","7,82139490843941"
33,36,25,27,"5,3319642336002","6,96040451894771","1,46150644820282","2,70756380960226"
30,35,28,31,"3,90181857569063","6,52277897877764","2,83670520284684","4,69279140490664"
29,32,26,35,"3,74901097868647","4,90040849910883","2,03487200851788","6,49408260040295"
33,32,28,34,"5,72662699302628","4,98541024637194","2,79496498474041","6,07687473705772"
41,29,26,34,"9,28536255491603","3,33209885438331","2,04427960029941","6,23879695156222"
28,33,25,33,"3,16086797534441","5,63318016086694","1,4271015038656","5,37756948518916"
25,32,25,33,"1,59628875941354","5,03117956043335","1,6595007680947","5,31651539816076"
34,32,27,35,"6,15078206578121","5,02438590443537","2,37453323930585","6,54313828346508"
27,31,25,34,"2,30141799215801","4,47352103139555","1,61671334286003","6,15590569030839"
39,37,24,36,"8,28061752773769","7,63782371349175","1,03595599298111","6,91499647772802"
39,31,25,32,"8,32579013442081","4,67051644764084","1,28397637400294","5,18144311291346"
31,28,25,36,"4,27067575227584","2,80509648593564","1,31496639590084","7,00207385365917"
31,39,26,34,"4,2857597029542","8,45438335990298","1,8836296085041","5,86279285996997"
30,32,26,33,"4,22842354301378","5,24191715260394","1,75297131260781","5,48228885798362"
29,38,27,36,"3,26253800098089","8,19338956321913","2,28914369370483","7,00016524898716"
33,40,25,33,"5,27153279805586","9,07429482560348","1,54463526283462","5,69771713373454"
32,37,24,35,"5,09233216372758","7,71183351968267","1,17440482384942","6,4328895845669"
41,35,32,34,"9,57293591455414","6,56912406697544","5,20431116672647","5,79478094746671"
27,32,26,24,"2,64585317864864","5,01127456840773","1,94708765609548",1
28,32,24,34,"2,94935664475059","5,1283652414147","1,05554291653979","5,8962068456714"
29,36,25,34,"3,58244134596617","7,08146818288463","1,32182548548837","6,19526191172419"
34,27,25,34,"5,8607273908581","2,61520893060292","1,34811535794668","6,00027334966936"
30,31,25,30,"3,99576233427287","4,59099482928682","1,2843582960738","4,10138359449905"
30,32,28,33,"4,21867961682279","5,21967717500635","2,84149525550418","5,51979241279333"
33,32,24,42,"5,4778788077591","5,11739418938669","1,07534869159291",10
27,34,25,32,"2,518724792776","6,13610937015705","1,53740417617207","5,11781395304127"
36,30,26,31,"7,17755921209602","4,0565398901132","1,92111539480927","4,71918209658851"
41,34,26,24,"9,39648653825871","6,04953956863361","2,03565387403328",1
41,36,29,36,"9,27555810833213","7,0801619042915","3,39914329350846","6,93797141859947"
33,38,24,31,"5,41603537704221","8,06235054948908","1,05596112475456","4,50403921204054"
25,29,26,32,"1,64294675232777","3,70665019411394","2,11372414189883","4,99026162255404"
32,31,24,42,"4,94779802152943","4,61557993362175","1,19467316400172",10
35,26,31,36,"6,56138533652667","1,94473524306732","4,65257337142736","6,81032577202408"
38,41,26,32,"8,03340688965269","9,59792829849767","1,75428231168267","4,94496491857359"
35,36,25,34,"6,30642322055754","6,89704000759711","1,53578555753982","5,93030317844828"
26,34,26,28,"2,01915353581466","6,1042597204722","1,8452249644268","3,03824436345997"
37,38,25,36,"7,50858846381048","7,97432331637126","1,42785737110562","7,02119176089872"
42,35,24,32,"9,93480457214002","6,45956040209968","1,01043968808508","4,99584903298397"
32,34,24,24,"5,06721770522413","5,86956905271047","1,24721847865379",1
32,36,24,31,"4,82291947346479","7,00106671899839","1,00255311338837","4,52967697529294"
30,35,25,34,"4,11436879344326","6,48868432093784","1,48016418625874","6,08526324657058"
42,27,25,35,"9,89760424333315","2,72020710536164","1,38126871575134","6,44588458445754"
30,31,25,34,"4,1095734473622","4,68543536028355","1,64859723363288","5,82763739642026"
29,35,30,28,"3,71098744134122","6,64770664603662","3,97812378285846","3,06806330919351"
39,24,24,32,"8,44558339801175","1,1856659652954","1,10568277471535","4,88234880354041"
35,37,25,37,"6,46553436170292","7,26652046601319","1,37375741697256","7,65172204034759"
33,29,28,24,"5,74077613794733","3,27607419885547","2,88289087008002",1
41,29,26,34,"9,34017816447895","3,42913757162881","1,90620908020958","5,86538443706059"
37,34,25,33,"7,65114783571512","6,19993318429644","1,56234631529558","5,70913293789449"
31,29,24,42,"4,36177531304621","3,41940861330416","1,09967804823192",10
30,33,24,40,"4,18727370591918","5,37608852974291","1,07346185207139","9,20204547066717"
36,36,26,28,"7,08818137013521","6,9889548763438","1,82437523858903","3,05288637942815"
24,33,30,33,"1,00452100380186","5,67132333403783","3,9435886448847","5,37036666673876"
26,31,27,33,"2,09264425976136","4,62579037117764","2,31509091735521","5,50551951868912"
40,31,24,34,"9,2037116655507","4,29337992296424","1,14924250649538","5,95213177017275"
25,26,24,32,"1,45389774262441","1,83856681336927","1,03405696115668","5,18056414986169"
31,30,24,34,"4,60266295679136","4,19448891622326","1,04141500036563","5,8452288622313"
26,24,25,33,"1,95130652404597",1,"1,40760265328486","5,66106215619706"
27,37,26,30,"2,66876905350165","7,31102732216777","2,08658465131749","4,02025663632092"
26,32,25,33,"1,85328428374055","4,94661085561743","1,26238719088037","5,38162810145579"
33,31,24,34,"5,33055905661856","4,3551473932105","1,17026791186386","5,99431384854777"
28,34,24,42,"2,90919771023948","6,21350627141497","1,21093814258966",10
25,32,25,32,"1,53811581115024","4,97194235266342","1,29891144577532","5,16080899059471"
28,35,26,35,"3,15826907239024","6,64860111043202","1,94578290640042","6,63259659892334"
40,26,27,30,"9,21971051659149","1,91288941883383","2,25991588418393","4,21960941158762"
38,36,28,33,"7,90077491872703","6,79495376301937","2,88723912613546","5,64353024099523"
36,35,27,38,"7,19973236209064","6,48862964194304","2,71978550169907","7,95041110736292"
38,27,24,32,"7,92030543696308","2,61913395527597","1,24662130116949","4,96284162284482"
31,31,24,24,"4,45234363660742","4,60575758120813","1,02967008029377",1
34,32,25,32,"6,02307839290881","5,22013186420606","1,55464387107363","4,93674066630212"
33,32,26,32,"5,73774762775301","4,93409838337667","2,17356442165735","5,16967639618111"
26,33,25,33,"2,06690655595657","5,26078969028689","1,39376347038103","5,60437606339529"
37,28,26,24,"7,62712959643833","2,97000551610402","1,85958566768267",1
37,32,26,34,"7,31446427830961","5,03847222501873","2,14155258544232","5,87993592778638"
41,33,24,32,"9,74210715236474","5,34635059317802","1,07875192539646","5,1813243742857"
36,37,27,36,"6,93152168235121","7,55274375165626","2,3681872379411","6,89004299391967"
37,34,27,32,"7,42148118205653","5,77402373329998","2,55724711540102","5,11311649786426"
38,38,25,32,"7,95872738704869","7,91578651137525","1,40466964155376","5,02749975328664"
28,29,26,32,"3,12846482359328","3,31344364474285","1,97630707521891","4,81026435904695"
25,28,25,33,"1,30800611178559","2,76940606940611","1,68914129943953","5,34827472789355"
40,26,26,28,"9,09100902516826","1,83885585346754","1,96609451821425","3,19038335740129"
39,28,25,36,"8,43838352002963","2,84250776465146","1,25521106777531","7,05906883451494"
41,37,25,24,"9,67972763329419","7,70169382341469","1,36990396219059",1
36,35,25,34,"7,15308765705902","6,26198356482882","1,6057309705857","6,23160179164395"
30,33,30,31,"3,9785399810596","5,31105518803494","3,97717683816272","4,46134978973053"
40,32,25,24,"9,05178345877794","5,11325485805719","1,52234084191565",1
38,32,28,30,"8,15446189487103","5,15875040665114","3,05906182900558","3,8564009136772"
40,29,25,34,"8,90133155110345","3,6482162040106","1,5629342382266","5,8548376830304"
26,29,25,34,"1,89417527426286","3,39397131975938","1,52576011253209","6,10710301143575"
27,28,28,34,"2,41472575960311","2,87680698244416","3,02157656390596","5,87293988838264"
31,28,33,42,"4,34834152243395","3,20946367632567","5,34664961615589",10
42,27,24,42,"9,88670442952795","2,68701429220547","1,16647087159702",10
36,33,24,29,"6,78712773555421","5,66707956486278","1,11110349023731","3,45163317312323"
27,32,32,30,"2,59733745785865","4,96002324225574","4,81714236241304","4,13010025913568"
34,34,26,24,"6,01420438821734","6,04328028991633","2,1223687899104",1
29,34,26,34,"3,57032835930998","6,08903345513166","2,24698983914491","5,8334976994841"
41,38,25,34,"9,3655059820045","7,79591758903988","1,61915713009625","5,91617209368726"
42,24,24,30,"9,98921197490818","1,14484451833351","1,10718133580134","3,88292202644897"
26,37,24,32,"1,90052251700131","7,51210601478239","1,16810462049656","5,02949139278674"
41,28,25,34,"9,3656375298084","2,8447979180363","1,47899263997592","5,86732786551191"
31,33,28,36,"4,56072320837612","5,56166560308344","3,03803421665556","7,13999506754097"
37,34,24,32,"7,6457732585866","5,98928307038045","1,14919704324277","5,17649901449389"
27,42,27,35,"2,36189423591206",10,"2,70380845593478","6,26675986750137"
38,34,24,30,"8,17813307472597","6,09618516025374","1,15989398420095","4,15650253322713"
35,33,24,32,"6,65802021174426","5,58973198531071","1,00425322609361","5,16587583413563"
25,33,24,41,"1,35984170791709","5,25578672177534","1,24646694163914","9,55366117190976"
30,31,25,31,"3,96201691708727","4,5475269138329","1,43017695595594","4,38955543834074"
31,28,25,33,"4,65926875142596","2,75185243175432","1,69290571772075","5,36842309348997"
34,32,26,34,"5,88225898528162","4,94710102093281","1,99316775957205","5,86012943295685"
33,35,27,34,"5,58265995770533","6,60439714036938","2,28995358435976","6,09361226204825"
26,31,24,24,"1,84817133574953","4,705431366416","1,01551466452818",1
26,31,26,24,"1,85079866807101","4,68381201669864","1,81309504651401",1
40,26,27,34,"9,08670804224007","2,09614178049233","2,2873991812082","6,22989847964661"
34,34,28,27,"6,01475794380804","5,91825606780897","2,8983402212644","2,6614595334814"
40,39,27,35,"9,11003626445072","8,41035939128659","2,58471170784752","6,46877726347132"
27,34,26,34,"2,64319569714131","5,91866893708436","2,00958116899428","5,95695352076679"
32,29,24,33,"5,07973924765986","3,38289261196216","1,06768548567337","5,27658859198244"
29,34,24,32,"3,26603888530826","5,76483175752301","1,20035898367014","5,03477339883703"
24,25,26,32,"1,21005657090814","1,45522695673589","1,90650902318084","4,98172294323481"
26,33,25,28,"1,98745924767658","5,62882344225995","1,6607325155605","3,0097540718833"
39,32,25,26,"8,62252061850653","4,85169032971003","1,26739959097223","2,1697214997073"
26,33,24,33,"1,93381493959126","5,359031316618","1,0514212964993","5,36324997262536"
39,35,24,33,"8,71484574931595","6,29737671514925","1,23470852988223","5,6807350195514"
39,33,25,33,"8,63591378721396","5,40056867565098","1,34953580373164","5,69953207456748"
38,38,26,31,"8,03667235782546","8,05494055123417","1,99802192236111","4,42881196879114"
25,39,24,36,"1,66408657498382","8,42082144880964","1,05378800792528","7,01574352307761"
25,34,29,34,"1,52503854484756","5,89409240388116","3,36488680357127","5,84405376495552"
34,35,28,35,"5,90344057640477","6,74954678143221","3,11468321897826","6,74807142700663"
32,31,24,42,"4,95778703681414","4,65999242369989","1,00747970991339",10
29,32,25,28,"3,67204696991375","5,06635041710994","1,36175184833552","3,1326309757012"
29,37,24,32,"3,42684989102165","7,39154371269577","1,2110777217287","4,99133262105452"
36,37,28,33,"6,79238924218516","7,39933231529051","2,82498324940536","5,67588955892482"
31,31,27,34,"4,72365562096848","4,7010495225867","2,33128332729278","6,11765529027419"
34,40,26,33,"6,19517830735803","8,75877331223725","1,87908073152222","5,36717505719011"
31,30,25,24,"4,46333086319496","3,99577540161887","1,3384721749116",1
32,30,25,30,"4,79561078005374","4,09130948834039","1,70627511942148","3,91595110058497"
32,31,29,34,"4,75294045329719","4,51948569653221","3,42735361857953","5,9681933796257"
39,29,24,27,"8,74758561703273","3,6788965146582","1,17595264984566","2,4281088432545"
25,30,24,33,"1,42155104136137","3,78675320242666","1,1131037233826","5,654618893369"
40,28,24,30,"9,09427814091039","2,93414808409645","1,04175721392543","3,99724661947671"
28,40,25,32,"3,10204955778994","9,09356918962332","1,55376288503785","5,0597210627054"
33,32,25,24,"5,50612876501076","4,97534632159206","1,28530835010972",1
33,35,25,31,"5,73333013664944","6,48263141091427","1,35831145693212","4,43411721445495"
41,31,27,24,"9,43420482840397","4,41976429468149","2,42958728833497",1
29,32,26,36,"3,35610456277114","5,22056543148206","1,8684032285105","6,99047429283558"
40,38,24,35,"8,7710487615629","7,9397337644691","1,18411982663124","6,27422520340801"
25,28,25,34,"1,3151484858204","3,20283136648903","1,63188501965822","6,00721569379991"
27,32,25,35,"2,49328887080931","4,94321396412083","1,47932580855126","6,5951170261448"
25,32,24,32,"1,53723897256064","4,81253414174952","1,19908697506808","5,07430472130521"
26,42,24,34,"2,00916243485485",10,"1,13766053637277","5,84705593350307"
31,28,27,34,"4,45715458812004","3,10235374366477","2,56406261727703","5,77717049596196"
31,38,26,42,"4,27603115467321","7,76395709579201","1,82125756362311",10
28,37,24,32,"2,9045159475125","7,39125143855558","1,19012024652855","5,04732180944812"
41,40,27,38,"9,74040016747157","9,18332319263045","2,44474647306649","7,88018126862725"
38,33,32,33,"8,01463268415995","5,37828864339205","4,90942016165923","5,67156918042814"
38,39,25,33,"7,75870518629265","8,7046649916211","1,40966142630929","5,58097584921704"
27,33,26,35,"2,48883167921713","5,56782447690564","1,86729711402545","6,36068334828295"
42,35,25,31,"9,85449618197856","6,55912620402863","1,33222456193457","4,50866041821184"
35,36,24,31,"6,44657690067231","6,99008336554919","1,22572594531046","4,36657029248811"
37,38,32,34,"7,26724127282551","8,17417845323852","5,10426299746621","5,8767607807559"
40,42,27,34,"8,91596779044684","9,77230126213861","2,33822165712244","5,81089758355401"
29,31,25,38,"3,51481947445164","4,66560447335235","1,7358087719252","7,94892290779363"
29,36,26,34,"3,68287222449681","6,83006048000564","1,83744709381139","6,11927859363684"
38,32,25,32,"7,8527044744406","4,99834359809695","1,55572215746744","4,95682578213794"
39,39,25,38,"8,52951902474251","8,67990582984959","1,40664787881793","8,22142549994202"
41,26,30,24,"9,35684500540616","1,94995771720723","4,23664663376213",1
31,34,26,32,"4,27747689032701","6,21635148441467","1,76106511217791","4,75167920309448"
37,30,24,31,"7,56064415949531","4,13826277161509","1,17127147576189","4,54559260360101"
40,35,24,35,"9,07478030576531","6,53851088339048","1,05876958516935","6,338907478354"
41,35,27,39,"9,44389562230411","6,34141663487628","2,5567463417596","8,41846314696475"
42,24,28,32,"9,86590052393819","1,05155646177967","3,01342817621178","5,07895706599046"
30,28,25,33,"3,77991290854831","3,20325520445053","1,46637356018232","5,55124298425583"
31,39,30,33,"4,5557490947664","8,44153961440432","4,08011164914905","5,3295217313454"
37,29,25,31,"7,53240028832232","3,32343573423685","1,44416242160891","4,62170325676518"
32,26,26,30,"5,18637276945382","2,06483523508344","1,9709042909468","3,90904615588185"
40,35,25,34,"9,09640848748103","6,41925735304705","1,54968235528243","5,90698161349475"
25,35,25,38,"1,29378558842916","6,30626121922054","1,61566083448803","8,07876599816702"
42,36,26,24,"9,87014296796657","6,8621251106515","1,99674400605523",1
41,40,27,34,"9,60672766866984","8,79158313243864","2,57574279892644","5,9484743983063"
29,28,25,38,"3,41586674601343","3,17968384159496","1,58237466938408","7,98115167766137"
40,33,24,36,"8,81169472570327","5,39639120784304","1,07403451914165","6,81879240423444"
33,25,26,26,"5,51604859869342","1,61191920418203","1,89431786202309","2,1505250390982"
30,37,24,42,"3,83482389456042","7,52939132168025","1,0495982374925",10
26,37,29,28,"1,92655707589222","7,60817964493427","3,37094006912856","3,0750101395319"
39,35,27,34,"8,50178398442507","6,4554906114408","2,3110500708361","6,14742664198946"
41,39,26,33,"9,36537621834621","8,51886533457986","1,75157142871633","5,28636200506257"
34,32,25,31,"6,07230273193308","4,97669746686947","1,59088524343035","4,59742480971771"
40,31,28,33,"8,78788666480574","4,32382549785584","2,76507207685267","5,59283719800183"
27,29,27,35,"2,5422337543355","3,29603964960602","2,59252780798659","6,49391010889267"
41,41,24,36,"9,45971177669337","9,27277973871528","1,22066405070906","7,03369344380295"
27,32,28,33,"2,61979552381042","5,01369145133784","2,88095192978145","5,44349624083782"
27,35,26,36,"2,57298603762047","6,63779925163754","2,15369001683338","6,9093510744639"
40,32,31,27,"8,79511140550918","5,04410453147447","4,44682859533268","2,25827443438147"
35,38,24,36,"6,58893205710472","7,81476324887944","1,02444235157894","7,22824132512915"
26,31,27,34,"2,17139466306466","4,4308127273176","2,52742350529779","5,76540239809505"
40,39,29,34,"9,23740976158708","8,73057645494168","3,68592141999676","5,88971775341781"
25,31,25,27,"1,61977774009627","4,26320747665878","1,65568604910537","2,5004167444263"
40,36,24,34,"9,19094054743563","7,01304397997641","1,1990907657525","6,02846376029902"
31,40,26,33,"4,70015915599142","9,21423717741617","2,05777753215459","5,68443012428216"
27,36,25,34,"2,6013512028593","6,93258987061706","1,4560619079469","5,85080824693918"
33,40,24,38,"5,30092568484284","9,00398902991056","1,16718872651474","7,8032272371357"
29,29,25,35,"3,37241589196705","3,53290033975236","1,72470261210485","6,74694158176999"
36,33,24,36,"6,77719525559379","5,61204216943583","1,05498330330988","7,11047778810646"
28,31,25,33,"2,80063689833817","4,59117376352917","1,40469079368979","5,59050277520715"
28,26,26,33,"2,75134035996842","2,04699357742043","1,96043851982271","5,38811974583305"
38,40,26,31,"8,12865235406527","9,00970514650052","2,04609475374472","4,69235493755958"
31,37,24,34,"4,68860909844242","7,33924856788372","1,13689439999005","5,77285766193237"
41,39,29,33,"9,49713821634709","8,67860274312267","3,36573082798695","5,50223693792721"
36,37,24,41,"7,08587140222598","7,64439787842525","1,21643362966761","9,64042524843883"
34,29,29,42,"5,84460214558175","3,72019775405406","3,61713420730466",10
27,31,27,34,"2,59575291471167","4,62700174118141","2,44586573026576","6,11919750177314"
38,42,28,31,"8,16319587974877",10,"2,82087497480474","4,63792103535422"
28,35,24,34,"3,22335794153263","6,42301684723861","1,11697611418521","5,97775971366025"
39,42,24,33,"8,37936344544243","9,8015875249529","1,16175601073559","5,53589743272501"
27,35,26,38,"2,34066521767427","6,43565510607945","1,86023706756217","8,10798373233813"
34,30,29,33,"5,98954755123019","4,02034690580642","3,39250708670264","5,51122004548005"
31,31,26,34,"4,47001964555772","4,36064523622029","2,09289084222014","6,12629730321809"
37,37,24,41,"7,49471919719633","7,64176273827965","1,09220239232271","9,74137089330672"
28,36,24,33,"2,95571099959282","7,02466724058304","1,24437445975929","5,69354677395408"
30,31,26,28,"3,97965935096505","4,40477921886368","1,83692067961022","3,19669109244303"
40,31,25,33,"9,07319080114386","4,35932598010007","1,46979911884122","5,67230382743792"
39,32,25,37,"8,25825983887973","4,79380307755628","1,26344960617013","7,64532081535968"
30,24,24,34,"4,03780062898535","1,10245894325094","1,10247767555979","5,86689333397255"
30,36,25,30,"4,00623476337049","7,19816710063068","1,32190246939032","4,06323965777035"
31,32,27,34,"4,48476044079154","4,93929169169295","2,71136514868578","5,84796484447509"
38,36,24,33,"7,783460283719","7,16402602797399","1,01392717472535","5,53836282083888"
41,27,25,40,"9,41848504239497","2,50845209003721","1,61983133667837","8,7935429246124"
41,36,27,26,"9,28547259657119","6,98177813307349","2,6411583939945","1,80568675693725"
31,30,25,34,"4,72548798863106","4,04365626416899","1,31590575813993","6,13414104444977"
33,37,24,34,"5,28167921450998","7,58162846180171","1,14397986053882","6,14751375491277"
37,39,28,33,"7,69220715092159","8,33318495514709","3,2436890928462","5,74162503271608"
41,42,29,34,"9,61491645510514",10,"3,37361602585132","5,858869439679"
42,39,30,33,"9,86673616597463","8,63541147273367","3,97848392815338","5,5870097105025"
29,35,24,27,"3,30084887820694","6,65717323918259","1,24107567423239","2,65130855345485"
41,26,25,36,"9,25292781822673","1,98426110244808","1,51717699154525","6,85580429910123"
37,34,24,36,"7,67927876944392","6,02647514113114","1,20696289136554","6,81203689223448"
37,30,24,35,"7,5670130843758","4,20912597519088","1,1387282135725","6,35915434639201"
38,35,24,35,"8,23786119570736","6,36796308772906","1,22302542783056","6,5246097967894"
38,36,24,33,"8,09161187325308","6,87724216381298","1,07750445447544","5,38812043454669"
29,30,25,28,"3,4235934154759","4,08991496393061","1,58874150853914","2,88929182065117"
28,34,25,31,"2,82307684373422","6,22035409260636","1,63204751934608","4,35101153241652"
33,31,24,35,"5,65869440224187","4,59969613121535","1,07880998325474","6,63058508598943"
25,35,24,28,"1,36624418821019","6,50979756310073","1,08708048883213","3,03465076237895"
35,34,25,33,"6,4314884729916","5,9203854474127","1,57488343504094","5,2547165508083"
34,32,27,42,"5,79449124551303","5,21003039744847","2,56776271970874",10
33,31,24,29,"5,53185471711611","4,39211169891602","1,23503784666357","3,60711807196536"
36,40,27,34,"7,09290539911074","9,06843961240598","2,39600475061014","6,04941884873327"
26,34,24,36,"1,96081394025661","5,75347118418289","1,21011830252656","7,0295797578507"
30,33,29,35,"4,2276601068226","5,2528902155932","3,49778376425181","6,49153756875784"
39,32,26,36,"8,52250256981504","4,78820306677536","2,01145247527592","7,00227495391348"
39,26,26,32,"8,30453050966508","1,87458119016755","1,90209901659942","5,24075808220008"
29,34,25,34,"3,55160587318514","5,81699409474885","1,43740038122718","5,94244539033486"
32,34,26,36,"5,07503198090797","5,90995103749482","1,78324345107046","7,24300678484255"
35,30,26,30,"6,33801737345472","4,15305635821214","2,19506120705747","4,12781857904789"
30,24,24,31,"3,92337940903391",1,"1,2046787673593","4,58694683150426"
26,29,25,33,"1,79674634334194","3,31304436342316","1,38598459383403","5,32334812616132"
28,31,24,33,"3,17133648853125","4,38835597285177","1,11880217482929","5,50674247403903"
26,30,25,34,"2,13733974157518","4,17466719963427","1,35860559658144","5,78982423625092"
40,33,24,32,"9,02090700967992","5,29108060469258","1,1752877363291","4,92211028321713"
40,30,24,24,"8,76757841417649","4,19586465662439","1,18697333770861",1
29,29,24,30,"3,47117386276702","3,30046255440385","1,01018208370274","4,10641543948677"
29,32,26,30,"3,48529000968319","5,08362878736496","2,05913164440205","4,12416362759964"
39,24,24,32,"8,52237350573603","1,16587380506401","1,06831971907507","4,83260084608598"
29,27,30,24,"3,4743280273904","2,72458975315975","3,85105512408149",1
36,24,25,34,"6,83432904093026",1,"1,3810297766905","5,88899753675651"
41,31,28,37,"9,59824461854039","4,70665022584307","2,84661741349562","7,58549974425348"
40,33,26,33,"8,94438850720423","5,51478468544692","1,82913445952241","5,28043244997823"
29,35,25,33,"3,60389485788201","6,43017718623157","1,43129982327267","5,57839331103388"
26,30,25,42,"2,02205919249648","4,14290975817532","1,37875518042191",10
31,28,24,34,"4,38227208240411","3,15514349343843","1,00986755883376","5,78842669626118"
34,37,28,30,"6,17555463111992","7,66875748415655","3,24844623024","4,14498028558549"
34,35,25,32,"5,85652229112322","6,50927571674376","1,27432585645224","5,14532089365677"
29,36,27,42,"3,6297973101208","7,07965420470975","2,36406213508043",10
27,28,27,36,"2,60540033630582","2,87682996752395","2,51084638284919","6,84836563936188"
37,29,25,34,"7,25154353543808","3,31228976767771","1,2722250530186","6,11161661576862"
33,28,24,33,"5,25599492411723","3,08153841252671","1,24902811132453","5,48652809340617"
27,24,24,30,"2,62113738663575",1,"1,13557066937496","3,99093549124413"
30,32,29,31,"3,91830281865868","5,07863820598711","3,67542222388372","4,73540708184218"
41,27,25,33,"9,29841547492004","2,66264526250627","1,44091759595235","5,4846226584138"
37,36,24,35,"7,46043984100492","7,04637048673133","1,16692940991225","6,27456087185147"
34,37,26,40,"6,10858404900311","7,5723544784301","1,9640112215334","8,86991534603907"
39,39,26,34,"8,46179542304613","8,37416939993839","1,82250486492215","6,02767373379064"
41,31,27,42,"9,72671600701896","4,7019723638512","2,41917688492183",10
25,38,25,42,"1,66617381403137","7,9883546294015","1,49205911975467",10
26,39,28,30,"2,23382735028657","8,41110449976485","2,89840526017541","4,23926490816501"
38,34,28,33,"7,89007668364225","6,20310491488237","2,86451274748837","5,37631064205311"
41,39,27,33,"9,61087303300674","8,46279546259901","2,71523491284086","5,41516741479104"
34,24,30,42,"5,86440823629597",1,"3,92973101131238",10
31,25,27,28,"4,37642013812228","1,60721281894049","2,56169524240141","2,93320364076825"
33,33,25,35,"5,6080803202572","5,70716696374729","1,67645390702011","6,29254915994505"
29,34,24,29,"3,36258312913918","6,1115946044399","1,05095825212335","3,74768049008295"
25,33,27,32,"1,74409768904837","5,73868757234362","2,36244957370924","5,17629583274445"
38,33,26,31,"8,01085285474973","5,31214220583724","1,97565285871148","4,62901392858078"
35,34,27,42,"6,30144285583885","6,02550656483484","2,71170578914994",10
25,31,30,24,"1,32184987326753","4,58278428626362","4,01759792428353",1
24,36,26,34,"1,02074946393365","6,8303515640881","1,96443914726254","6,19404236159882"
34,24,27,32,"5,85272479733781",1,"2,4404449102696","4,92255457527108"
40,32,24,33,"8,95928619389138","4,94960209608745","1,18625744564683","5,72933307431147"
25,40,26,24,"1,44743972002075","9,24867166653974","2,12373555136442",1
37,29,25,33,"7,61240535447792","3,29096146857225","1,44052768776949","5,72599550134752"
38,29,26,35,"8,05650348890669","3,42155686546768","1,86806204031297","6,26119991051517"
40,31,27,32,"8,89260491506855","4,63224338128187","2,68633800960733","5,20639293442221"
32,31,24,33,"4,84076796393592","4,7438745464077","1,06223438044093","5,41882982778898"
39,25,25,34,"8,66255229264441","1,58295374016086","1,45524992664808","5,82078210604139"
31,30,24,32,"4,74058703410697","3,81518901162314","1,22209274612765","5,20938488427513"
27,33,27,34,"2,25825486809597","5,66646691175033","2,51879767728763","6,03787902249511"
28,32,25,33,"3,24122274832602","5,0423691622825","1,38288336327967","5,65094558148791"
32,28,25,37,"4,87041235940075","3,02066788761883","1,47743520129019","7,53941149924102"
24,33,29,40,"1,24038161955164","5,53874621286917","3,34411587458698","8,82103682175328"
24,35,24,24,"1,05800298127077","6,7038760095497","1,07239213293328",1
31,30,25,36,"4,4656789131573","3,82649230526935","1,25623365757826","7,2402873993977"
25,37,25,42,"1,37884609817703","7,56239594557903","1,61947009307568",10
37,35,25,35,"7,68358538949621","6,40920155534369","1,53626469273217","6,51536757437953"
34,37,25,24,"5,93980703481317","7,32825588061775","1,54825381928247",1
40,36,31,31,"9,17790818685687","7,22778763690143","4,73130109568973","4,50151136224068"
31,32,24,31,"4,6496085929016","5,1521967806803","1,06407081716052","4,74945721703233"
41,39,24,32,"9,73433238124647","8,41948974678063","1,00325342064971","4,86519845437193"
33,35,26,34,"5,30749997458667","6,34609960228862","1,91387026631408","5,96867351187664"
42,27,25,33,"9,9553966431185","2,48642943241558","1,3204992784256","5,72563026374916"
39,35,27,34,"8,53490536793166","6,5557960209699","2,34955714026667","5,83180683541338"
30,36,26,31,"4,22702045465454","7,01191671227187","2,23947720414732","4,66495080188423"
33,31,26,34,"5,30886007874774","4,55096005626689","1,81124142021071","6,20072064945998"
39,33,26,27,"8,53236081844337","5,5868371741544","1,91011583015328","2,37035321621273"
28,33,26,32,"3,09985341274522","5,55240368334687","1,97303931289957","4,94199926657534"
37,33,24,34,"7,61794531735845","5,62356918256323","1,10956914992422","5,80238782837014"
41,31,25,24,"9,43973910557431","4,69715426007547","1,4471847610545",1
39,33,25,27,"8,65392738871344","5,43681763627028","1,59718025954649","2,56637262313773"
34,38,25,29,"5,85971594838469","8,07493393533481","1,50571534997129","3,44031176823107"
